{"cameraMode":{"drawMode":0,"name":"Shaded","section":"Shading Mode"},"sceneLighting":true,"audioPlay":false,"sceneViewState":{"showFog":true,"showMaterialUpdate":false,"showSkybox":true,"showFlares":true,"showImageEffects":true,"showParticleSystems":true},"in2DMode":false,"pivot":{"x":1123.609375,"y":128.432861328125,"z":2027.436279296875},"rotation":{"x":-0.037524692714214328,"y":-0.12052124738693237,"z":0.004559301771223545,"w":-0.9919908046722412},"size":2689.1513671875,"orthographic":false}